insert into customer (name, nif, adress, email, password) values ('SuperAdmin', 272723389, '85 Kipling Crossing', 'dmaddick0@posterous.com', 'SuperAdmin');
insert into customer (name, nif, adress, email, password) values ('Ophelia Barson', 285448224, '50851 7th Crossing', 'obarson1@mtv.com', 'ntex4g');
insert into customer (name, nif, adress, email, password) values ('Blaine Klimko', 148261745, '43 Everett Center', 'bklimko2@gizmodo.com', 'fYkLN61Ij');
insert into customer (name, nif, adress, email, password) values ('Oralie Parfitt', 584176182, '4 Blackbird Pass', 'oparfitt3@amazon.com', 'jrheVXC');
insert into customer (name, nif, adress, email, password) values ('Mollie Bissatt', 232372469, '5 Erie Place', 'mbissatt4@guardian.co.uk', 'nA1yvuXTkO');
insert into customer (name, nif, adress, email, password) values ('Gary Kennady', 265584420, '75309 Algoma Point', 'gkennady5@yellowbook.com', 'j2ENqO');
insert into customer (name, nif, adress, email, password) values ('Bren Yankin', 599069900, '7495 Carioca Terrace', 'byankin6@ft.com', '4zQHdQH');
insert into customer (name, nif, adress, email, password) values ('Myranda Toffolini', 301610159, '250 Tennyson Terrace', 'mtoffolini7@fotki.com', 'eKVXBNIF');
insert into customer (name, nif, adress, email, password) values ('Horatia Quayle', 937825418, '54244 Old Gate Center', 'hquayle8@bizjournals.com', 'WjFexE');
insert into customer (name, nif, adress, email, password) values ('Flem Jelf', 110339039, '089 Graceland Circle', 'fjelf9@mtv.com', 'uA3NtGdkO7');
insert into customer (name, nif, adress, email, password) values ('Sasha McKaile', 685996526, '1250 Meadow Valley Junction', 'smckailea@moonfruit.com', 'gRy8DBmSA09U');
insert into customer (name, nif, adress, email, password) values ('Nero Goodrich', 736381825, '3 Golf Course Road', 'ngoodrichb@gnu.org', 'EKkdGjr');
insert into customer (name, nif, adress, email, password) values ('Roana Milam', 860878091, '15523 Nancy Point', 'rmilamc@woothemes.com', 'dr2PGv');
insert into customer (name, nif, adress, email, password) values ('Leeanne Duffree', 528482169, '72887 Ryan Trail', 'lduffreed@dion.ne.jp', 'iEMSqnYt');
insert into customer (name, nif, adress, email, password) values ('Meagan Gainsford', 594538470, '87996 Delladonna Crossing', 'mgainsforde@columbia.edu', 'EpgcQJB');
insert into customer (name, nif, adress, email, password) values ('Bryn Parradye', 932864561, '47303 Onsgard Park', 'bparradyef@ucla.edu', 'bidfOy');
insert into customer (name, nif, adress, email, password) values ('Fayre Giovanetti', 622066927, '4413 Atwood Hill', 'fgiovanettig@weibo.com', '3Bt5Wn');
insert into customer (name, nif, adress, email, password) values ('Hyacinthie Disney', 852113737, '92425 Meadow Valley Point', 'hdisneyh@netvibes.com', 'oW8sCtPRP');
insert into customer (name, nif, adress, email, password) values ('Eustacia Allcock', 625618630, '7 Lyons Road', 'eallcocki@oakley.com', 'xXRLMRsj0a');
insert into customer (name, nif, adress, email, password) values ('Lula Poone', 485495055, '5 Cherokee Way', 'lpoonej@dion.ne.jp', 'ScfYZTkGIR15');
insert into customer (name, nif, adress, email, password) values ('Clay Wanka', 884340074, '201 Melrose Court', 'cwankak@nih.gov', 'a1mgr9PRCKNS');
insert into customer (name, nif, adress, email, password) values ('Talia Holton', 145752876, '012 Morning Point', 'tholtonl@mlb.com', 'CVRL8odlAVo');
insert into customer (name, nif, adress, email, password) values ('Shawnee Kilian', 263366186, '8612 Kenwood Plaza', 'skilianm@amazon.co.uk', '1rCd2L');
insert into customer (name, nif, adress, email, password) values ('Raul Loukes', 268627961, '62773 Scofield Avenue', 'rloukesn@springer.com', 'sR9nDq');
insert into customer (name, nif, adress, email, password) values ('Jarrod Maryet', 173515464, '44 Buena Vista Street', 'jmaryeto@163.com', '6SsV4L');
insert into customer (name, nif, adress, email, password) values ('Edwin Keays', 747034400, '591 Scofield Hill', 'ekeaysp@cafepress.com', 'Ur7xDqt');
insert into customer (name, nif, adress, email, password) values ('Merrile Pessold', 104455938, '262 Beilfuss Alley', 'mpessoldq@last.fm', '6pmfhSz');
insert into customer (name, nif, adress, email, password) values ('Carney De Cleyne', 814980056, '8334 Golden Leaf Circle', 'cder@storify.com', 'xwFkw6A8X0');
insert into customer (name, nif, adress, email, password) values ('Gail Gregan', 260446971, '888 North Junction', 'ggregans@skyrock.com', 'WAYIAci6be');
insert into customer (name, nif, adress, email, password) values ('Biddy Ielden', 229129738, '62 Summit Center', 'bieldent@ucla.edu', 'XmkO6SOE8fY');


-- esta trocado! o rating tem de ter o id de usuario nao o buyer
insert into buyer (customer_id_user) values (20);
insert into buyer (customer_id_user) values (19);
insert into buyer (customer_id_user) values (18);
insert into buyer (customer_id_user) values (17);
insert into buyer (customer_id_user) values (16);
insert into buyer (customer_id_user) values (15);
insert into buyer (customer_id_user) values (14);
insert into buyer (customer_id_user) values (13);
insert into buyer (customer_id_user) values (12);
insert into buyer (customer_id_user) values (11);


insert into administrator (customer_id_user) values ( 1);
insert into administrator (customer_id_user) values ( 2);
insert into administrator (customer_id_user) values ( 3);
insert into administrator (customer_id_user) values ( 4);
insert into administrator (customer_id_user) values ( 5);
insert into administrator (customer_id_user) values ( 6);
insert into administrator (customer_id_user) values ( 7);
insert into administrator (customer_id_user) values ( 8);
insert into administrator (customer_id_user) values ( 9);
insert into administrator (customer_id_user) values (10);


insert into seller (customer_id_user) values (30);
insert into seller (customer_id_user) values (29);
insert into seller (customer_id_user) values (28);
insert into seller (customer_id_user) values (27);
insert into seller (customer_id_user) values (26);
insert into seller (customer_id_user) values (25);
insert into seller (customer_id_user) values (24);
insert into seller (customer_id_user) values (23);
insert into seller (customer_id_user) values (22);
insert into seller (customer_id_user) values (21);


insert into product (id_prod, version, type ,description, height, weight, colour, stock, price, seller_customer_id_user) values (1, 0, 'computador', 'kafmglrshxrbwbnxbutpcadqtwmnywdtnmtgrm',20 ,30,'red' , 3, 600, 29);
insert into product (id_prod, version, type ,description, height, weight, colour, stock, price, seller_customer_id_user) values (1, 1, 'computador', 'gfdgtatwiegwmmwgfofgpictpfvjkmskgqoiji',20 ,30,'red' ,52, 909, 29);
insert into product (id_prod, version, type ,description, height, weight, colour, stock, price, seller_customer_id_user) values (1, 2, 'computador', 'ipewawttyvqvgfxqxhekutsexhkjihbluuzarv',20 ,30,'red' ,63, 937, 29);
insert into product (id_prod, version, type ,description, height, weight, colour, stock, price, seller_customer_id_user) values (2, 0, 'TV',         'ytfeomghbsjadvopeuvhxfjyrexrsehouakobl',20 ,30,'red' ,42, 928, 27);
insert into product (id_prod, version, type ,description, height, weight, colour, stock, price, seller_customer_id_user) values (2, 1, 'TV',         'dmqgmpashlmlzajzsbxcospmgoifzhohivmxsy',20 ,30,'red' ,18, 213, 27);
insert into product (id_prod, version, type ,description, height, weight, colour, stock, price, seller_customer_id_user) values (2, 2, 'TV',         'fzdonzqbevltnkuhxwsfnlavbiqjnmggmkbybf',20 ,30,'red' ,36, 444, 27);
insert into product (id_prod, version, type ,description, height, weight, colour, stock, price, seller_customer_id_user) values (3, 0, 'Smartphone', 'uyckrpkrqafdojfdlfpsyajakjfnbcvqvikhpw',20 ,30,'red' ,98, 811, 23);
insert into product (id_prod, version, type ,description, height, weight, colour, stock, price, seller_customer_id_user) values (3, 1, 'Smartphone', 'gpcmwzgsciiskazjdhjggsoertnrtlfxniwizu',20 ,30,'red' ,67,  32, 23);
insert into product (id_prod, version, type ,description, height, weight, colour, stock, price, seller_customer_id_user) values (3, 2, 'Smartphone', 'gstfnywgzxvuwufwgttmrosczbogbooekeswep',20 ,30,'red' ,20, 535, 23);
insert into product (id_prod, version, type ,description, height, weight, colour, stock, price, seller_customer_id_user) values (3, 3, 'Smartphone', 'hrvqtkdtekozmnivybkoathhpnjpwjlzvdaoqp',20 ,30,'red' ,19, 719, 23);


insert into to_order (buyer_customer_id_user,month) values (16,3);
insert into to_order (buyer_customer_id_user,month) values (15,3);
insert into to_order (buyer_customer_id_user,month) values (14,3);


insert into quantity (quantity, to_order_id_order, product_id_prod, product_version) values ( 1, 3, 1, 0);
insert into quantity (quantity, to_order_id_order, product_id_prod, product_version) values ( 3, 2, 2, 0);
insert into quantity (quantity, to_order_id_order, product_id_prod, product_version) values ( 8, 2, 3, 0);


insert into rating (rating, comment, buyer_customer_id_user, product_id_prod, product_version) values (5, 'aqgkrgwdlfgtulzqyqjaxqkqcfmjlnltmrogpq', 16,  1, 0);
insert into rating (rating, comment, buyer_customer_id_user, product_id_prod, product_version) values (3, 'edazhxmejzjaoqdptqvjricrdhteofsbzfdbem', 15,  2, 0);
insert into rating (rating, comment, buyer_customer_id_user, product_id_prod, product_version) values (5, 'gihkgniajcfodtznqrogcsqibbimlsayptkrtw', 14,  3, 0);




--insert into forum_notifications (if_forum, comment, notifications_id, notifications_message, notifications_time_stamp, notifications_was_read, customer_id_user, to_order_id_order, forum_notifications_id_forum, product_id_prod) values (1, 'krnjaulqolhjlruqdfltbftvtxfxyunauvzlxmz', 1, 'blohxjrxuksynsnmflrfzanopxypegzngjoplcf', '1:35 AM', false, 1, 1, 1, 1);
--insert into forum_notifications (if_forum, comment, notifications_id, notifications_message, notifications_time_stamp, notifications_was_read, customer_id_user, to_order_id_order, forum_notifications_id_forum, product_id_prod) values (2, 'zjscawndbdogmkwpudcwhrwkokwawoiqiyxyavp', 2, 'ilhpwcedhninsenmwllhzdzrtyzdmxceuilmkfh', '11:28 PM', true, 2, 2, 2, 2);
--insert into forum_notifications (if_forum, comment, notifications_id, notifications_message, notifications_time_stamp, notifications_was_read, customer_id_user, to_order_id_order, forum_notifications_id_forum, product_id_prod) values (3, 'vvstvhywwqpblaosbniacwueobzhmwbsxmmfosc', 3, 'cxswbkrjbmetqobgispkaiilfwffwiijildqnxi', '11:58 AM', true, 3, 3, 3, 3);
--insert into forum_notifications (if_forum, comment, notifications_id, notifications_message, notifications_time_stamp, notifications_was_read, customer_id_user, to_order_id_order, forum_notifications_id_forum, product_id_prod) values (4, 'fmcjbufptmcrzraofuyhyamooxcmqvmaiityccw', 4, 'llbzogxdsnajvosabftifyrnueqakawxwnyvzzn', '3:21 PM', true, 4, 4, 4, 4);
--insert into forum_notifications (if_forum, comment, notifications_id, notifications_message, notifications_time_stamp, notifications_was_read, customer_id_user, to_order_id_order, forum_notifications_id_forum, product_id_prod) values (5, 'jgqzrirqxbdtxqsptyjgecsgrpdyefsclhgpkfx', 5, 'akpcdgzwckzsxajmnchigyekviacxlacovojwpp', '6:28 AM', false, 5, 5, 5, 5);
--insert into forum_notifications (if_forum, comment, notifications_id, notifications_message, notifications_time_stamp, notifications_was_read, customer_id_user, to_order_id_order, forum_notifications_id_forum, product_id_prod) values (6, 'xytforzkkpkvhnzwurmjuuiaycvomhexjyziodq', 6, 'ceerkjvcckfowlubypwnucdqwodekzookhqvcho', '2:05 AM', true, 6, 6, 6, 6);
--insert into forum_notifications (if_forum, comment, notifications_id, notifications_message, notifications_time_stamp, notifications_was_read, customer_id_user, to_order_id_order, forum_notifications_id_forum, product_id_prod) values (7, 'oedzsevlxwgjcsgnbopovuurofmahdjmietemdq', 7, 'hvfmfcijseqflhwxchvpildgghynkweifmpodrv', '12:25 PM', false, 7, 7, 7, 7);
--insert into forum_notifications (if_forum, comment, notifications_id, notifications_message, notifications_time_stamp, notifications_was_read, customer_id_user, to_order_id_order, forum_notifications_id_forum, product_id_prod) values (8, 'cswyuiwicdawuubymxkzfjglsgmpreamcegjzxg', 8, 'cpcpdqxjlptflaojeyamyzytpqpqzuldwvhwhup', '12:42 AM', false, 8, 8, 8, 8);
--insert into forum_notifications (if_forum, comment, notifications_id, notifications_message, notifications_time_stamp, notifications_was_read, customer_id_user, to_order_id_order, forum_notifications_id_forum, product_id_prod) values (9, 'ddbhzkpsvlgnjrlhnvmaapozeoohyjnebemdqfb', 9, 'tvhdqunlilhhnjcurmapmspsulsbedcunzsfzew', '10:42 PM', true, 9, 9, 9, 9);
--insert into forum_notifications (if_forum, comment, notifications_id, notifications_message, notifications_time_stamp, notifications_was_read, customer_id_user, to_order_id_order, forum_notifications_id_forum, product_id_prod) values (10, 'xnjjpcrpdwhyugzlqqmfssjompumgnyfqwuwnju', 10, 'pccsnygmyowmjqonxcqupwbjwvjayhbgodzjhzb', '1:38 PM', true, 10, 10, 10, 10);
--insert into forum_notifications (if_forum, comment, notifications_id, notifications_message, notifications_time_stamp, notifications_was_read, customer_id_user, to_order_id_order, forum_notifications_id_forum, product_id_prod) values (11, 'byzkcuduloddqdniufrrnpykybovocsyqnvzsbo', 11, 'zinmzwbpmwhfivviixtmxgkrzecviwjorzsxiht', '8:31 PM', true, 11, 11, 11, 11);
--insert into forum_notifications (if_forum, comment, notifications_id, notifications_message, notifications_time_stamp, notifications_was_read, customer_id_user, to_order_id_order, forum_notifications_id_forum, product_id_prod) values (12, 'kuwnufdvkxlzyghiffeqkyijuwvrtdndjtkogpg', 12, 'ivvnvqbkpttorbrmscikosfwcedtoqddnzhcwny', '1:04 PM', true, 12, 12, 12, 12);
--insert into forum_notifications (if_forum, comment, notifications_id, notifications_message, notifications_time_stamp, notifications_was_read, customer_id_user, to_order_id_order, forum_notifications_id_forum, product_id_prod) values (13, 'nnpbkyqiqujytyqglgrwcfhpdeglxlhripyysly', 13, 'dpqmkzoaqtewblfmtrurygsesqmptmoexxgslui', '9:41 PM', true, 13, 13, 13, 13);
--insert into forum_notifications (if_forum, comment, notifications_id, notifications_message, notifications_time_stamp, notifications_was_read, customer_id_user, to_order_id_order, forum_notifications_id_forum, product_id_prod) values (14, 'qrdeteottvmoyjomfflkqnjckdgosplrfsqgclk', 14, 'wfzghszmrwlyxljnphlsbraohiymgwcvzzwlbsj', '8:51 PM', true, 14, 14, 14, 14);
--insert into forum_notifications (if_forum, comment, notifications_id, notifications_message, notifications_time_stamp, notifications_was_read, customer_id_user, to_order_id_order, forum_notifications_id_forum, product_id_prod) values (15, 'ecgkyzpvkxkozymsxlmdwnwodiunqtnxmcoieug', 15, 'uwswwsacrluuelyelsnbhfeuvulrcodypxiefcn', '9:27 AM', true, 15, 15, 15, 15);
--insert into forum_notifications (if_forum, comment, notifications_id, notifications_message, notifications_time_stamp, notifications_was_read, customer_id_user, to_order_id_order, forum_notifications_id_forum, product_id_prod) values (16, 'blcsyuokjedqfpcpnpcgkmcfidxbvfcpeuldzsf', 16, 'hoxcihqevjrculawqvxmqiwlfyvuekylydafkxw', '5:38 PM', false, 16, 16, 16, 16);
--insert into forum_notifications (if_forum, comment, notifications_id, notifications_message, notifications_time_stamp, notifications_was_read, customer_id_user, to_order_id_order, forum_notifications_id_forum, product_id_prod) values (17, 'rictiomxzgrumlpkqgdgirsflchfmyrvhfxajtq', 17, 'yodmawbvqypqtotxktbwcnjeupynmvylhmhqqrr', '7:25 AM', false, 17, 17, 17, 17);
--insert into forum_notifications (if_forum, comment, notifications_id, notifications_message, notifications_time_stamp, notifications_was_read, customer_id_user, to_order_id_order, forum_notifications_id_forum, product_id_prod) values (18, 'dtgwipqvwtpdjqiqeyoovpeubuzyxqnblrlktan', 18, 'hqdcdfpoclkdyizuwfmcoltlnwgdwgetgcjakmc', '11:04 AM', false, 18, 18, 18, 18);
--insert into forum_notifications (if_forum, comment, notifications_id, notifications_message, notifications_time_stamp, notifications_was_read, customer_id_user, to_order_id_order, forum_notifications_id_forum, product_id_prod) values (19, 'emfqocuupetilqnfakrrtunvcvwsoxpbofngyus', 19, 'tffpfnplbbjbnsrvqvxkdhyymhswvpnwyiqleda', '12:24 AM', true, 19, 19, 19, 19);
--insert into forum_notifications (if_forum, comment, notifications_id, notifications_message, notifications_time_stamp, notifications_was_read, customer_id_user, to_order_id_order, forum_notifications_id_forum, product_id_prod) values (20, 'qszfconekdozjvtbebamuabstygyqycvulpyrix', 20, 'guipbafmjhlwdhqodhutjowhnllhssdseijgvib', '8:44 AM', true, 20, 20, 20, 20);
--insert into forum_notifications (if_forum, comment, notifications_id, notifications_message, notifications_time_stamp, notifications_was_read, customer_id_user, to_order_id_order, forum_notifications_id_forum, product_id_prod) values (21, 'ypwzshevfhuupqeshjmbfleoyiefgofrxrtzrlu', 21, 'wreoejzragfeufsqnszcfkqkhmsulwkcihyvedk', '1:53 PM', true, 21, 21, 21, 21);
--insert into forum_notifications (if_forum, comment, notifications_id, notifications_message, notifications_time_stamp, notifications_was_read, customer_id_user, to_order_id_order, forum_notifications_id_forum, product_id_prod) values (22, 'rjzmcqilssnmzhnawfrbedlsmhuxtzaqcrhzbzg', 22, 'fyazqoxnpkcmisuuoctrkrfybjngjwuxndlvlgw', '7:09 PM', false, 22, 22, 22, 22);
--insert into forum_notifications (if_forum, comment, notifications_id, notifications_message, notifications_time_stamp, notifications_was_read, customer_id_user, to_order_id_order, forum_notifications_id_forum, product_id_prod) values (23, 'zpezqlucwwxvodkvxhpqffyzricjurlxsgbonam', 23, 'thkqxkfsvrwumgxqmpblaegmaewqcgmbyafmvhr', '4:58 PM', true, 23, 23, 23, 23);
--insert into forum_notifications (if_forum, comment, notifications_id, notifications_message, notifications_time_stamp, notifications_was_read, customer_id_user, to_order_id_order, forum_notifications_id_forum, product_id_prod) values (24, 'unkkwrhynjlkqrpvdwdhiggfhrehyhsvkgzdvpc', 24, 'zjipghmjgjittleuxnwglcyexlayqyczzcrdqud', '3:34 AM', true, 24, 24, 24, 24);
--insert into forum_notifications (if_forum, comment, notifications_id, notifications_message, notifications_time_stamp, notifications_was_read, customer_id_user, to_order_id_order, forum_notifications_id_forum, product_id_prod) values (25, 'zoyvyrocdmqezbrqarddtdelmqmjtbaajwjreku', 25, 'uepgtcljvsppzeciggzwgkwyhijulajltfbuvmx', '7:09 PM', true, 25, 25, 25, 25);
--insert into forum_notifications (if_forum, comment, notifications_id, notifications_message, notifications_time_stamp, notifications_was_read, customer_id_user, to_order_id_order, forum_notifications_id_forum, product_id_prod) values (26, 'rzwuymlkafsxbnankprgrvqvwvdppeitwynvexe', 26, 'gdafkpmjkpwxlxutvtdacyplwokvdeywwoenyjp', '12:52 PM', false, 26, 26, 26, 26);
--insert into forum_notifications (if_forum, comment, notifications_id, notifications_message, notifications_time_stamp, notifications_was_read, customer_id_user, to_order_id_order, forum_notifications_id_forum, product_id_prod) values (27, 'loqkbxkuycnkfwzbukfzbcnkouflruxxrozitrx', 27, 'xcraaqbjerttngkhcjhlremznjinsvtqrzkqrzr', '9:21 PM', false, 27, 27, 27, 27);
--insert into forum_notifications (if_forum, comment, notifications_id, notifications_message, notifications_time_stamp, notifications_was_read, customer_id_user, to_order_id_order, forum_notifications_id_forum, product_id_prod) values (28, 'ntichgiuxodxrfbkefngjdaggpypjeogjzcssdk', 28, 'raeuwagsrcyjgptjevterlcgfivtbfhlablpdfw', '9:28 AM', false, 28, 28, 28, 28);
--insert into forum_notifications (if_forum, comment, notifications_id, notifications_message, notifications_time_stamp, notifications_was_read, customer_id_user, to_order_id_order, forum_notifications_id_forum, product_id_prod) values (29, 'mfrhawpwqxbutsdnbsgbdedkfepzsfulbhswfyc', 29, 'nybylwlwzstelfqxedfgjfelpzdhefeuzzfmuhx', '12:15 AM', false, 29, 29, 29, 29);
--insert into forum_notifications (if_forum, comment, notifications_id, notifications_message, notifications_time_stamp, notifications_was_read, customer_id_user, to_order_id_order, forum_notifications_id_forum, product_id_prod) values (30, 'axrvixzdrexdozdfwmfshrqtkefcyfospjlozfs', 30, 'muipysvavwrmuvimmlwtsdxabfhjjzsdjqgkvzf', '6:12 PM', false, 30, 30, 30, 30);
--
--
--insert into coupon (id, purchase_date, buyer_customer_id_user, campaign_id) values (1, false, 1, 1);
--insert into coupon (id, purchase_date, buyer_customer_id_user, campaign_id) values (2, true, 2, 2);
--insert into coupon (id, purchase_date, buyer_customer_id_user, campaign_id) values (3, true, 3, 3);
--insert into coupon (id, purchase_date, buyer_customer_id_user, campaign_id) values (4, false, 4, 4);
--insert into coupon (id, purchase_date, buyer_customer_id_user, campaign_id) values (5, false, 5, 5);
--insert into coupon (id, purchase_date, buyer_customer_id_user, campaign_id) values (6, true, 6, 6);
--insert into coupon (id, purchase_date, buyer_customer_id_user, campaign_id) values (7, true, 7, 7);
--insert into coupon (id, purchase_date, buyer_customer_id_user, campaign_id) values (8, true, 8, 8);
--insert into coupon (id, purchase_date, buyer_customer_id_user, campaign_id) values (9, false, 9, 9);
--insert into coupon (id, purchase_date, buyer_customer_id_user, campaign_id) values (10, false, 10, 10);
--
--
--insert into campaign (id, data_begin, data_end, n_coupon, n_coupon_used, discount, expiration_days, administrator_customer_id_user) values (1, 80, 49, 56, 145, 1);
--insert into campaign (id, data_begin, data_end, n_coupon, n_coupon_used, discount, expiration_days, administrator_customer_id_user) values (2, 71, 24, 27, 298, 2);
--insert into campaign (id, data_begin, data_end, n_coupon, n_coupon_used, discount, expiration_days, administrator_customer_id_user) values (3, 14, 55, 7, 114, 3);
--insert into campaign (id, data_begin, data_end, n_coupon, n_coupon_used, discount, expiration_days, administrator_customer_id_user) values (4, 4, 72, 71, 9, 4);
--insert into campaign (id, data_begin, data_end, n_coupon, n_coupon_used, discount, expiration_days, administrator_customer_id_user) values (5, 20, 83, 52, 180, 5);
--insert into campaign (id, data_begin, data_end, n_coupon, n_coupon_used, discount, expiration_days, administrator_customer_id_user) values (6, 55, 82, 93, 345, 6);
--insert into campaign (id, data_begin, data_end, n_coupon, n_coupon_used, discount, expiration_days, administrator_customer_id_user) values (7, 30, 38, 38, 279, 7);
--insert into campaign (id, data_begin, data_end, n_coupon, n_coupon_used, discount, expiration_days, administrator_customer_id_user) values (8, 97, 82, 27, 61, 8);
--insert into campaign (id, data_begin, data_end, n_coupon, n_coupon_used, discount, expiration_days, administrator_customer_id_user) values (9, 94, 54, 24, 150, 9);
--insert into campaign (id, data_begin, data_end, n_coupon, n_coupon_used, discount, expiration_days, administrator_customer_id_user) values (10, 77, 48, 97, 257, 10);
--
--
--insert into buyer_campaign (buyer_customer_id_user, campaign_id) values (1, 1);
--insert into buyer_campaign (buyer_customer_id_user, campaign_id) values (2, 2);
--insert into buyer_campaign (buyer_customer_id_user, campaign_id) values (3, 3);
--insert into buyer_campaign (buyer_customer_id_user, campaign_id) values (4, 4);
--insert into buyer_campaign (buyer_customer_id_user, campaign_id) values (5, 5);
--insert into buyer_campaign (buyer_customer_id_user, campaign_id) values (6, 6);
--insert into buyer_campaign (buyer_customer_id_user, campaign_id) values (7, 7);
--insert into buyer_campaign (buyer_customer_id_user, campaign_id) values (8, 8);
--insert into buyer_campaign (buyer_customer_id_user, campaign_id) values (9, 9);
--insert into buyer_campaign (buyer_customer_id_user, campaign_id) values (10, 10);
--