insert into customer (id_user, name, nif, adress, email, password) values (1, 'Del Maddick', 272723389, '85 Kipling Crossing', 'dmaddick0@posterous.com', 'zUeWpD1vyTs');
insert into customer (id_user, name, nif, adress, email, password) values (2, 'Ophelia Barson', 285448224, '50851 7th Crossing', 'obarson1@mtv.com', 'ntex4g');
insert into customer (id_user, name, nif, adress, email, password) values (3, 'Blaine Klimko', 148261745, '43 Everett Center', 'bklimko2@gizmodo.com', 'fYkLN61Ij');
insert into customer (id_user, name, nif, adress, email, password) values (4, 'Oralie Parfitt', 584176182, '4 Blackbird Pass', 'oparfitt3@amazon.com', 'jrheVXC');
insert into customer (id_user, name, nif, adress, email, password) values (5, 'Mollie Bissatt', 232372469, '5 Erie Place', 'mbissatt4@guardian.co.uk', 'nA1yvuXTkO');
insert into customer (id_user, name, nif, adress, email, password) values (6, 'Gary Kennady', 265584420, '75309 Algoma Point', 'gkennady5@yellowbook.com', 'j2ENqO');
insert into customer (id_user, name, nif, adress, email, password) values (7, 'Bren Yankin', 599069900, '7495 Carioca Terrace', 'byankin6@ft.com', '4zQHdQH');
insert into customer (id_user, name, nif, adress, email, password) values (8, 'Myranda Toffolini', 301610159, '250 Tennyson Terrace', 'mtoffolini7@fotki.com', 'eKVXBNIF');
insert into customer (id_user, name, nif, adress, email, password) values (9, 'Horatia Quayle', 937825418, '54244 Old Gate Center', 'hquayle8@bizjournals.com', 'WjFexE');
insert into customer (id_user, name, nif, adress, email, password) values (10, 'Flem Jelf', 110339039, '089 Graceland Circle', 'fjelf9@mtv.com', 'uA3NtGdkO7');
insert into customer (id_user, name, nif, adress, email, password) values (11, 'Sasha McKaile', 685996526, '1250 Meadow Valley Junction', 'smckailea@moonfruit.com', 'gRy8DBmSA09U');
insert into customer (id_user, name, nif, adress, email, password) values (12, 'Nero Goodrich', 736381825, '3 Golf Course Road', 'ngoodrichb@gnu.org', 'EKkdGjr');
insert into customer (id_user, name, nif, adress, email, password) values (13, 'Roana Milam', 860878091, '15523 Nancy Point', 'rmilamc@woothemes.com', 'dr2PGv');
insert into customer (id_user, name, nif, adress, email, password) values (14, 'Leeanne Duffree', 528482169, '72887 Ryan Trail', 'lduffreed@dion.ne.jp', 'iEMSqnYt');
insert into customer (id_user, name, nif, adress, email, password) values (15, 'Meagan Gainsford', 594538470, '87996 Delladonna Crossing', 'mgainsforde@columbia.edu', 'EpgcQJB');
insert into customer (id_user, name, nif, adress, email, password) values (16, 'Bryn Parradye', 932864561, '47303 Onsgard Park', 'bparradyef@ucla.edu', 'bidfOy');
insert into customer (id_user, name, nif, adress, email, password) values (17, 'Fayre Giovanetti', 622066927, '4413 Atwood Hill', 'fgiovanettig@weibo.com', '3Bt5Wn');
insert into customer (id_user, name, nif, adress, email, password) values (18, 'Hyacinthie Disney', 852113737, '92425 Meadow Valley Point', 'hdisneyh@netvibes.com', 'oW8sCtPRP');
insert into customer (id_user, name, nif, adress, email, password) values (19, 'Eustacia Allcock', 625618630, '7 Lyons Road', 'eallcocki@oakley.com', 'xXRLMRsj0a');
insert into customer (id_user, name, nif, adress, email, password) values (20, 'Lula Poone', 485495055, '5 Cherokee Way', 'lpoonej@dion.ne.jp', 'ScfYZTkGIR15');
insert into customer (id_user, name, nif, adress, email, password) values (21, 'Clay Wanka', 884340074, '201 Melrose Court', 'cwankak@nih.gov', 'a1mgr9PRCKNS');
insert into customer (id_user, name, nif, adress, email, password) values (22, 'Talia Holton', 145752876, '012 Morning Point', 'tholtonl@mlb.com', 'CVRL8odlAVo');
insert into customer (id_user, name, nif, adress, email, password) values (23, 'Shawnee Kilian', 263366186, '8612 Kenwood Plaza', 'skilianm@amazon.co.uk', '1rCd2L');
insert into customer (id_user, name, nif, adress, email, password) values (24, 'Raul Loukes', 268627961, '62773 Scofield Avenue', 'rloukesn@springer.com', 'sR9nDq');
insert into customer (id_user, name, nif, adress, email, password) values (25, 'Jarrod Maryet', 173515464, '44 Buena Vista Street', 'jmaryeto@163.com', '6SsV4L');
insert into customer (id_user, name, nif, adress, email, password) values (26, 'Edwin Keays', 747034400, '591 Scofield Hill', 'ekeaysp@cafepress.com', 'Ur7xDqt');
insert into customer (id_user, name, nif, adress, email, password) values (27, 'Merrile Pessold', 104455938, '262 Beilfuss Alley', 'mpessoldq@last.fm', '6pmfhSz');
insert into customer (id_user, name, nif, adress, email, password) values (28, 'Carney De Cleyne', 814980056, '8334 Golden Leaf Circle', 'cder@storify.com', 'xwFkw6A8X0');
insert into customer (id_user, name, nif, adress, email, password) values (29, 'Gail Gregan', 260446971, '888 North Junction', 'ggregans@skyrock.com', 'WAYIAci6be');
insert into customer (id_user, name, nif, adress, email, password) values (30, 'Biddy Ielden', 229129738, '62 Summit Center', 'bieldent@ucla.edu', 'XmkO6SOE8fY');



--insert into product (id_prod, description, stock, price, seller_customer_id_user) values (1, 'gfdgtatwiegwmmwgfofgpictpfvjkmskgqoiji', 52, 909, 1);
--insert into product (id_prod, description, stock, price, seller_customer_id_user) values (2, 'kafmglrshxrbwbnxbutpcadqtwmnywdtnmtgrm', 3, 600, 2);
--insert into product (id_prod, description, stock, price, seller_customer_id_user) values (3, 'ipewawttyvqvgfxqxhekutsexhkjihbluuzarv', 63, 937, 3);
--insert into product (id_prod, description, stock, price, seller_customer_id_user) values (4, 'ytfeomghbsjadvopeuvhxfjyrexrsehouakobl', 42, 928, 4);
--insert into product (id_prod, description, stock, price, seller_customer_id_user) values (5, 'dmqgmpashlmlzajzsbxcospmgoifzhohivmxsy', 18, 213, 5);
--insert into product (id_prod, description, stock, price, seller_customer_id_user) values (6, 'fzdonzqbevltnkuhxwsfnlavbiqjnmggmkbybf', 36, 444, 6);
--insert into product (id_prod, description, stock, price, seller_customer_id_user) values (7, 'uyckrpkrqafdojfdlfpsyajakjfnbcvqvikhpw', 98, 811, 7);
--insert into product (id_prod, description, stock, price, seller_customer_id_user) values (8, 'gstfnywgzxvuwufwgttmrosczbogbooekeswep', 20, 535, 8);
--insert into product (id_prod, description, stock, price, seller_customer_id_user) values (9, 'hrvqtkdtekozmnivybkoathhpnjpwjlzvdaoqp', 19, 719, 9);
--insert into product (id_prod, description, stock, price, seller_customer_id_user) values (10, 'gpcmwzgsciiskazjdhjggsoertnrtlfxniwizu', 67, 32, 10);

--insert into rating (id_rating, rating, comment, product_id_prod) values (1, 80, 'aqgkrgwdlfgtulzqyqjaxqkqcfmjlnltmrogpq', 1);
--insert into rating (id_rating, rating, comment, product_id_prod) values (2, 69, 'edazhxmejzjaoqdptqvjricrdhteofsbzfdbem', 2);
--insert into rating (id_rating, rating, comment, product_id_prod) values (3, 61, 'gihkgniajcfodtznqrogcsqibbimlsayptkrtw', 3);
--insert into rating (id_rating, rating, comment, product_id_prod) values (4, 38, 'afveefvszwblsihtaoewcyyeicioksayafahhv', 4);
--insert into rating (id_rating, rating, comment, product_id_prod) values (5, 48, 'hewpbztnozdmksrvgfhvhhptwuvctlslouvjta', 5);
--insert into rating (id_rating, rating, comment, product_id_prod) values (6, 7, 'ccdtohrksomosegcikrszgfnexbouhwgtacihf', 6);
--insert into rating (id_rating, rating, comment, product_id_prod) values (7, 42, 'gladzvnaahpggqonwhmagqrfvrjuziyngwftiq', 7);
--insert into rating (id_rating, rating, comment, product_id_prod) values (8, 46, 'wdnyafjflenvnzmciouarrrbmjxaxdoagrwsks', 8);
--insert into rating (id_rating, rating, comment, product_id_prod) values (9, 54, 'ixjuxaeiodwmqcuwqjyuhhfgaqpimbrbgryxik', 9);
--insert into rating (id_rating, rating, comment, product_id_prod) values (10, 32, 'zyishbelkxppukaepmjennstkmbebyzloiqevb', 10);

-- esta trocado! o rating tem de ter o id de usuario nao o buyer
insert into buyer (bought, customer_id_user) values (false, 1);
insert into buyer (bought, customer_id_user) values (true,  2);
insert into buyer (bought, customer_id_user) values (true,  3);
insert into buyer (bought, customer_id_user) values (true,  4);
insert into buyer (bought, customer_id_user) values (false, 5);
insert into buyer (bought, customer_id_user) values (true,  6);
insert into buyer (bought, customer_id_user) values (false, 7);
insert into buyer (bought, customer_id_user) values (false, 8);
insert into buyer (bought, customer_id_user) values (false, 9);
insert into buyer (bought, customer_id_user) values (true, 10);


insert into administrator (customer_id_user) values ( 1);
insert into administrator (customer_id_user) values ( 2);
insert into administrator (customer_id_user) values ( 3);
insert into administrator (customer_id_user) values ( 4);
insert into administrator (customer_id_user) values ( 5);
insert into administrator (customer_id_user) values ( 6);
insert into administrator (customer_id_user) values ( 7);
insert into administrator (customer_id_user) values ( 8);
insert into administrator (customer_id_user) values ( 9);
insert into administrator (customer_id_user) values (10);


insert into seller (customer_id_user) values ( 1);
insert into seller (customer_id_user) values ( 2);
insert into seller (customer_id_user) values ( 3);
insert into seller (customer_id_user) values ( 4);
insert into seller (customer_id_user) values ( 5);
insert into seller (customer_id_user) values ( 6);
insert into seller (customer_id_user) values ( 7);
insert into seller (customer_id_user) values ( 8);
insert into seller (customer_id_user) values ( 9);
insert into seller (customer_id_user) values (10);
--
--
--insert into history (id_hist, description, stock, price, his_date, product_id_prod) values ( 1, 'fuupwsvrixvrxdejdgeauzkgiadkykhmeznkum', 78, 109, 1);
--insert into history (id_hist, description, stock, price, his_date, product_id_prod) values ( 2, 'hgrkdzuqihtwlevqqhwmgnsgwmgbbnlkhpbzvs', 64, 278, 2);
--insert into history (id_hist, description, stock, price, his_date, product_id_prod) values ( 3, 'iedpnjvujbwgfhzxchgmvksdknnemxsrqpvjld',  8, 814, 3);
--insert into history (id_hist, description, stock, price, his_date, product_id_prod) values ( 4, 'vciynsxjafzbmbbmowfzmcqajvzzwsatjjfmxe',  1, 146, 4);
--insert into history (id_hist, description, stock, price, his_date, product_id_prod) values ( 5, 'vfnpphrfrqxtpfvwruppnuniietlnhgliljuyg', 78, 762, 5);
--insert into history (id_hist, description, stock, price, his_date, product_id_prod) values ( 6, 'rkqfkghvablavkwcdbanrjiixlkatfuvdojwzl', 25, 755, 6);
--insert into history (id_hist, description, stock, price, his_date, product_id_prod) values ( 7, 'rfpbbnxjqaekpsjxejqiwfgfiogaiwhgyjszfs', 44, 688, 7);
--insert into history (id_hist, description, stock, price, his_date, product_id_prod) values ( 8, 'mdkqdatgfdvkaoiklkkfwhmdghutydsbhqkkas', 87, 275, 8);
--insert into history (id_hist, description, stock, price, his_date, product_id_prod) values ( 9, 'yjewvptmyypiaoqykmxcztcsbzadtdwfnrgpcq', 20, 503, 9);
--insert into history (id_hist, description, stock, price, his_date, product_id_prod) values (10, 'klbormthqjjruoeuwhxwfhpqlnqclbbngzfvim', 41, 750, 10);
--
--
--insert into features (type, type_value, product_id_prod) values (1, 86, 1);
--insert into features (type, type_value, product_id_prod) values (2, 81, 2);
--insert into features (type, type_value, product_id_prod) values (3, 36, 3);
--insert into features (type, type_value, product_id_prod) values (4, 10, 4);
--insert into features (type, type_value, product_id_prod) values (5, 88, 5);
--insert into features (type, type_value, product_id_prod) values (6, 65, 6);
--insert into features (type, type_value, product_id_prod) values (7, 50, 7);
--insert into features (type, type_value, product_id_prod) values (8, 66, 8);
--insert into features (type, type_value, product_id_prod) values (9, 18, 9);
--insert into features (type, type_value, product_id_prod) values (10, 7, 10);
--
--
--insert into to_order (id_order, buyer_customer_id_user) values (1, 1);
--insert into to_order (id_order, buyer_customer_id_user) values (2, 2);
--insert into to_order (id_order, buyer_customer_id_user) values (3, 3);
--insert into to_order (id_order, buyer_customer_id_user) values (4, 4);
--insert into to_order (id_order, buyer_customer_id_user) values (5, 5);
--insert into to_order (id_order, buyer_customer_id_user) values (6, 6);
--insert into to_order (id_order, buyer_customer_id_user) values (7, 7);
--insert into to_order (id_order, buyer_customer_id_user) values (8, 8);
--insert into to_order (id_order, buyer_customer_id_user) values (9, 9);
--insert into to_order (id_order, buyer_customer_id_user) values (10, 10);
--
--
--insert into quantity (quantity, to_order_id_order, product_id_prod) values (1, 1, 1);
--insert into quantity (quantity, to_order_id_order, product_id_prod) values (3, 2, 2);
--insert into quantity (quantity, to_order_id_order, product_id_prod) values (3, 3, 3);
--insert into quantity (quantity, to_order_id_order, product_id_prod) values (8, 4, 4);
--insert into quantity (quantity, to_order_id_order, product_id_prod) values (10, 5, 5);
--insert into quantity (quantity, to_order_id_order, product_id_prod) values (8, 6, 6);
--insert into quantity (quantity, to_order_id_order, product_id_prod) values (8, 7, 7);
--insert into quantity (quantity, to_order_id_order, product_id_prod) values (5, 8, 8);
--insert into quantity (quantity, to_order_id_order, product_id_prod) values (6, 9, 9);
--insert into quantity (quantity, to_order_id_order, product_id_prod) values (7, 10, 10);
--insert into quantity (quantity, to_order_id_order, product_id_prod) values (1, 11, 11);
--insert into quantity (quantity, to_order_id_order, product_id_prod) values (2, 12, 12);
--insert into quantity (quantity, to_order_id_order, product_id_prod) values (6, 13, 13);
--insert into quantity (quantity, to_order_id_order, product_id_prod) values (3, 14, 14);
--insert into quantity (quantity, to_order_id_order, product_id_prod) values (1, 15, 15);
--insert into quantity (quantity, to_order_id_order, product_id_prod) values (10, 16, 16);
--insert into quantity (quantity, to_order_id_order, product_id_prod) values (2, 17, 17);
--insert into quantity (quantity, to_order_id_order, product_id_prod) values (4, 18, 18);
--insert into quantity (quantity, to_order_id_order, product_id_prod) values (4, 19, 19);
--insert into quantity (quantity, to_order_id_order, product_id_prod) values (8, 20, 20);
--insert into quantity (quantity, to_order_id_order, product_id_prod) values (6, 21, 21);
--insert into quantity (quantity, to_order_id_order, product_id_prod) values (3, 22, 22);
--insert into quantity (quantity, to_order_id_order, product_id_prod) values (2, 23, 23);
--insert into quantity (quantity, to_order_id_order, product_id_prod) values (1, 24, 24);
--insert into quantity (quantity, to_order_id_order, product_id_prod) values (1, 25, 25);
--insert into quantity (quantity, to_order_id_order, product_id_prod) values (8, 26, 26);
--insert into quantity (quantity, to_order_id_order, product_id_prod) values (1, 27, 27);
--insert into quantity (quantity, to_order_id_order, product_id_prod) values (2, 28, 28);
--insert into quantity (quantity, to_order_id_order, product_id_prod) values (5, 29, 29);
--insert into quantity (quantity, to_order_id_order, product_id_prod) values (8, 30, 30);
--
--
--insert into forum_notifications (if_forum, comment, notifications_id, notifications_message, notifications_time_stamp, notifications_was_read, customer_id_user, to_order_id_order, forum_notifications_id_forum, product_id_prod) values (1, 'krnjaulqolhjlruqdfltbftvtxfxyunauvzlxmz', 1, 'blohxjrxuksynsnmflrfzanopxypegzngjoplcf', '1:35 AM', false, 1, 1, 1, 1);
--insert into forum_notifications (if_forum, comment, notifications_id, notifications_message, notifications_time_stamp, notifications_was_read, customer_id_user, to_order_id_order, forum_notifications_id_forum, product_id_prod) values (2, 'zjscawndbdogmkwpudcwhrwkokwawoiqiyxyavp', 2, 'ilhpwcedhninsenmwllhzdzrtyzdmxceuilmkfh', '11:28 PM', true, 2, 2, 2, 2);
--insert into forum_notifications (if_forum, comment, notifications_id, notifications_message, notifications_time_stamp, notifications_was_read, customer_id_user, to_order_id_order, forum_notifications_id_forum, product_id_prod) values (3, 'vvstvhywwqpblaosbniacwueobzhmwbsxmmfosc', 3, 'cxswbkrjbmetqobgispkaiilfwffwiijildqnxi', '11:58 AM', true, 3, 3, 3, 3);
--insert into forum_notifications (if_forum, comment, notifications_id, notifications_message, notifications_time_stamp, notifications_was_read, customer_id_user, to_order_id_order, forum_notifications_id_forum, product_id_prod) values (4, 'fmcjbufptmcrzraofuyhyamooxcmqvmaiityccw', 4, 'llbzogxdsnajvosabftifyrnueqakawxwnyvzzn', '3:21 PM', true, 4, 4, 4, 4);
--insert into forum_notifications (if_forum, comment, notifications_id, notifications_message, notifications_time_stamp, notifications_was_read, customer_id_user, to_order_id_order, forum_notifications_id_forum, product_id_prod) values (5, 'jgqzrirqxbdtxqsptyjgecsgrpdyefsclhgpkfx', 5, 'akpcdgzwckzsxajmnchigyekviacxlacovojwpp', '6:28 AM', false, 5, 5, 5, 5);
--insert into forum_notifications (if_forum, comment, notifications_id, notifications_message, notifications_time_stamp, notifications_was_read, customer_id_user, to_order_id_order, forum_notifications_id_forum, product_id_prod) values (6, 'xytforzkkpkvhnzwurmjuuiaycvomhexjyziodq', 6, 'ceerkjvcckfowlubypwnucdqwodekzookhqvcho', '2:05 AM', true, 6, 6, 6, 6);
--insert into forum_notifications (if_forum, comment, notifications_id, notifications_message, notifications_time_stamp, notifications_was_read, customer_id_user, to_order_id_order, forum_notifications_id_forum, product_id_prod) values (7, 'oedzsevlxwgjcsgnbopovuurofmahdjmietemdq', 7, 'hvfmfcijseqflhwxchvpildgghynkweifmpodrv', '12:25 PM', false, 7, 7, 7, 7);
--insert into forum_notifications (if_forum, comment, notifications_id, notifications_message, notifications_time_stamp, notifications_was_read, customer_id_user, to_order_id_order, forum_notifications_id_forum, product_id_prod) values (8, 'cswyuiwicdawuubymxkzfjglsgmpreamcegjzxg', 8, 'cpcpdqxjlptflaojeyamyzytpqpqzuldwvhwhup', '12:42 AM', false, 8, 8, 8, 8);
--insert into forum_notifications (if_forum, comment, notifications_id, notifications_message, notifications_time_stamp, notifications_was_read, customer_id_user, to_order_id_order, forum_notifications_id_forum, product_id_prod) values (9, 'ddbhzkpsvlgnjrlhnvmaapozeoohyjnebemdqfb', 9, 'tvhdqunlilhhnjcurmapmspsulsbedcunzsfzew', '10:42 PM', true, 9, 9, 9, 9);
--insert into forum_notifications (if_forum, comment, notifications_id, notifications_message, notifications_time_stamp, notifications_was_read, customer_id_user, to_order_id_order, forum_notifications_id_forum, product_id_prod) values (10, 'xnjjpcrpdwhyugzlqqmfssjompumgnyfqwuwnju', 10, 'pccsnygmyowmjqonxcqupwbjwvjayhbgodzjhzb', '1:38 PM', true, 10, 10, 10, 10);
--insert into forum_notifications (if_forum, comment, notifications_id, notifications_message, notifications_time_stamp, notifications_was_read, customer_id_user, to_order_id_order, forum_notifications_id_forum, product_id_prod) values (11, 'byzkcuduloddqdniufrrnpykybovocsyqnvzsbo', 11, 'zinmzwbpmwhfivviixtmxgkrzecviwjorzsxiht', '8:31 PM', true, 11, 11, 11, 11);
--insert into forum_notifications (if_forum, comment, notifications_id, notifications_message, notifications_time_stamp, notifications_was_read, customer_id_user, to_order_id_order, forum_notifications_id_forum, product_id_prod) values (12, 'kuwnufdvkxlzyghiffeqkyijuwvrtdndjtkogpg', 12, 'ivvnvqbkpttorbrmscikosfwcedtoqddnzhcwny', '1:04 PM', true, 12, 12, 12, 12);
--insert into forum_notifications (if_forum, comment, notifications_id, notifications_message, notifications_time_stamp, notifications_was_read, customer_id_user, to_order_id_order, forum_notifications_id_forum, product_id_prod) values (13, 'nnpbkyqiqujytyqglgrwcfhpdeglxlhripyysly', 13, 'dpqmkzoaqtewblfmtrurygsesqmptmoexxgslui', '9:41 PM', true, 13, 13, 13, 13);
--insert into forum_notifications (if_forum, comment, notifications_id, notifications_message, notifications_time_stamp, notifications_was_read, customer_id_user, to_order_id_order, forum_notifications_id_forum, product_id_prod) values (14, 'qrdeteottvmoyjomfflkqnjckdgosplrfsqgclk', 14, 'wfzghszmrwlyxljnphlsbraohiymgwcvzzwlbsj', '8:51 PM', true, 14, 14, 14, 14);
--insert into forum_notifications (if_forum, comment, notifications_id, notifications_message, notifications_time_stamp, notifications_was_read, customer_id_user, to_order_id_order, forum_notifications_id_forum, product_id_prod) values (15, 'ecgkyzpvkxkozymsxlmdwnwodiunqtnxmcoieug', 15, 'uwswwsacrluuelyelsnbhfeuvulrcodypxiefcn', '9:27 AM', true, 15, 15, 15, 15);
--insert into forum_notifications (if_forum, comment, notifications_id, notifications_message, notifications_time_stamp, notifications_was_read, customer_id_user, to_order_id_order, forum_notifications_id_forum, product_id_prod) values (16, 'blcsyuokjedqfpcpnpcgkmcfidxbvfcpeuldzsf', 16, 'hoxcihqevjrculawqvxmqiwlfyvuekylydafkxw', '5:38 PM', false, 16, 16, 16, 16);
--insert into forum_notifications (if_forum, comment, notifications_id, notifications_message, notifications_time_stamp, notifications_was_read, customer_id_user, to_order_id_order, forum_notifications_id_forum, product_id_prod) values (17, 'rictiomxzgrumlpkqgdgirsflchfmyrvhfxajtq', 17, 'yodmawbvqypqtotxktbwcnjeupynmvylhmhqqrr', '7:25 AM', false, 17, 17, 17, 17);
--insert into forum_notifications (if_forum, comment, notifications_id, notifications_message, notifications_time_stamp, notifications_was_read, customer_id_user, to_order_id_order, forum_notifications_id_forum, product_id_prod) values (18, 'dtgwipqvwtpdjqiqeyoovpeubuzyxqnblrlktan', 18, 'hqdcdfpoclkdyizuwfmcoltlnwgdwgetgcjakmc', '11:04 AM', false, 18, 18, 18, 18);
--insert into forum_notifications (if_forum, comment, notifications_id, notifications_message, notifications_time_stamp, notifications_was_read, customer_id_user, to_order_id_order, forum_notifications_id_forum, product_id_prod) values (19, 'emfqocuupetilqnfakrrtunvcvwsoxpbofngyus', 19, 'tffpfnplbbjbnsrvqvxkdhyymhswvpnwyiqleda', '12:24 AM', true, 19, 19, 19, 19);
--insert into forum_notifications (if_forum, comment, notifications_id, notifications_message, notifications_time_stamp, notifications_was_read, customer_id_user, to_order_id_order, forum_notifications_id_forum, product_id_prod) values (20, 'qszfconekdozjvtbebamuabstygyqycvulpyrix', 20, 'guipbafmjhlwdhqodhutjowhnllhssdseijgvib', '8:44 AM', true, 20, 20, 20, 20);
--insert into forum_notifications (if_forum, comment, notifications_id, notifications_message, notifications_time_stamp, notifications_was_read, customer_id_user, to_order_id_order, forum_notifications_id_forum, product_id_prod) values (21, 'ypwzshevfhuupqeshjmbfleoyiefgofrxrtzrlu', 21, 'wreoejzragfeufsqnszcfkqkhmsulwkcihyvedk', '1:53 PM', true, 21, 21, 21, 21);
--insert into forum_notifications (if_forum, comment, notifications_id, notifications_message, notifications_time_stamp, notifications_was_read, customer_id_user, to_order_id_order, forum_notifications_id_forum, product_id_prod) values (22, 'rjzmcqilssnmzhnawfrbedlsmhuxtzaqcrhzbzg', 22, 'fyazqoxnpkcmisuuoctrkrfybjngjwuxndlvlgw', '7:09 PM', false, 22, 22, 22, 22);
--insert into forum_notifications (if_forum, comment, notifications_id, notifications_message, notifications_time_stamp, notifications_was_read, customer_id_user, to_order_id_order, forum_notifications_id_forum, product_id_prod) values (23, 'zpezqlucwwxvodkvxhpqffyzricjurlxsgbonam', 23, 'thkqxkfsvrwumgxqmpblaegmaewqcgmbyafmvhr', '4:58 PM', true, 23, 23, 23, 23);
--insert into forum_notifications (if_forum, comment, notifications_id, notifications_message, notifications_time_stamp, notifications_was_read, customer_id_user, to_order_id_order, forum_notifications_id_forum, product_id_prod) values (24, 'unkkwrhynjlkqrpvdwdhiggfhrehyhsvkgzdvpc', 24, 'zjipghmjgjittleuxnwglcyexlayqyczzcrdqud', '3:34 AM', true, 24, 24, 24, 24);
--insert into forum_notifications (if_forum, comment, notifications_id, notifications_message, notifications_time_stamp, notifications_was_read, customer_id_user, to_order_id_order, forum_notifications_id_forum, product_id_prod) values (25, 'zoyvyrocdmqezbrqarddtdelmqmjtbaajwjreku', 25, 'uepgtcljvsppzeciggzwgkwyhijulajltfbuvmx', '7:09 PM', true, 25, 25, 25, 25);
--insert into forum_notifications (if_forum, comment, notifications_id, notifications_message, notifications_time_stamp, notifications_was_read, customer_id_user, to_order_id_order, forum_notifications_id_forum, product_id_prod) values (26, 'rzwuymlkafsxbnankprgrvqvwvdppeitwynvexe', 26, 'gdafkpmjkpwxlxutvtdacyplwokvdeywwoenyjp', '12:52 PM', false, 26, 26, 26, 26);
--insert into forum_notifications (if_forum, comment, notifications_id, notifications_message, notifications_time_stamp, notifications_was_read, customer_id_user, to_order_id_order, forum_notifications_id_forum, product_id_prod) values (27, 'loqkbxkuycnkfwzbukfzbcnkouflruxxrozitrx', 27, 'xcraaqbjerttngkhcjhlremznjinsvtqrzkqrzr', '9:21 PM', false, 27, 27, 27, 27);
--insert into forum_notifications (if_forum, comment, notifications_id, notifications_message, notifications_time_stamp, notifications_was_read, customer_id_user, to_order_id_order, forum_notifications_id_forum, product_id_prod) values (28, 'ntichgiuxodxrfbkefngjdaggpypjeogjzcssdk', 28, 'raeuwagsrcyjgptjevterlcgfivtbfhlablpdfw', '9:28 AM', false, 28, 28, 28, 28);
--insert into forum_notifications (if_forum, comment, notifications_id, notifications_message, notifications_time_stamp, notifications_was_read, customer_id_user, to_order_id_order, forum_notifications_id_forum, product_id_prod) values (29, 'mfrhawpwqxbutsdnbsgbdedkfepzsfulbhswfyc', 29, 'nybylwlwzstelfqxedfgjfelpzdhefeuzzfmuhx', '12:15 AM', false, 29, 29, 29, 29);
--insert into forum_notifications (if_forum, comment, notifications_id, notifications_message, notifications_time_stamp, notifications_was_read, customer_id_user, to_order_id_order, forum_notifications_id_forum, product_id_prod) values (30, 'axrvixzdrexdozdfwmfshrqtkefcyfospjlozfs', 30, 'muipysvavwrmuvimmlwtsdxabfhjjzsdjqgkvzf', '6:12 PM', false, 30, 30, 30, 30);
--
--
--insert into coupon (id, purchase_date, buyer_customer_id_user, campaign_id) values (1, false, 1, 1);
--insert into coupon (id, purchase_date, buyer_customer_id_user, campaign_id) values (2, true, 2, 2);
--insert into coupon (id, purchase_date, buyer_customer_id_user, campaign_id) values (3, true, 3, 3);
--insert into coupon (id, purchase_date, buyer_customer_id_user, campaign_id) values (4, false, 4, 4);
--insert into coupon (id, purchase_date, buyer_customer_id_user, campaign_id) values (5, false, 5, 5);
--insert into coupon (id, purchase_date, buyer_customer_id_user, campaign_id) values (6, true, 6, 6);
--insert into coupon (id, purchase_date, buyer_customer_id_user, campaign_id) values (7, true, 7, 7);
--insert into coupon (id, purchase_date, buyer_customer_id_user, campaign_id) values (8, true, 8, 8);
--insert into coupon (id, purchase_date, buyer_customer_id_user, campaign_id) values (9, false, 9, 9);
--insert into coupon (id, purchase_date, buyer_customer_id_user, campaign_id) values (10, false, 10, 10);
--
--
--insert into campaign (id, data_begin, data_end, n_coupon, n_coupon_used, discount, expiration_days, administrator_customer_id_user) values (1, 80, 49, 56, 145, 1);
--insert into campaign (id, data_begin, data_end, n_coupon, n_coupon_used, discount, expiration_days, administrator_customer_id_user) values (2, 71, 24, 27, 298, 2);
--insert into campaign (id, data_begin, data_end, n_coupon, n_coupon_used, discount, expiration_days, administrator_customer_id_user) values (3, 14, 55, 7, 114, 3);
--insert into campaign (id, data_begin, data_end, n_coupon, n_coupon_used, discount, expiration_days, administrator_customer_id_user) values (4, 4, 72, 71, 9, 4);
--insert into campaign (id, data_begin, data_end, n_coupon, n_coupon_used, discount, expiration_days, administrator_customer_id_user) values (5, 20, 83, 52, 180, 5);
--insert into campaign (id, data_begin, data_end, n_coupon, n_coupon_used, discount, expiration_days, administrator_customer_id_user) values (6, 55, 82, 93, 345, 6);
--insert into campaign (id, data_begin, data_end, n_coupon, n_coupon_used, discount, expiration_days, administrator_customer_id_user) values (7, 30, 38, 38, 279, 7);
--insert into campaign (id, data_begin, data_end, n_coupon, n_coupon_used, discount, expiration_days, administrator_customer_id_user) values (8, 97, 82, 27, 61, 8);
--insert into campaign (id, data_begin, data_end, n_coupon, n_coupon_used, discount, expiration_days, administrator_customer_id_user) values (9, 94, 54, 24, 150, 9);
--insert into campaign (id, data_begin, data_end, n_coupon, n_coupon_used, discount, expiration_days, administrator_customer_id_user) values (10, 77, 48, 97, 257, 10);
--
--
--insert into buyer_campaign (buyer_customer_id_user, campaign_id) values (1, 1);
--insert into buyer_campaign (buyer_customer_id_user, campaign_id) values (2, 2);
--insert into buyer_campaign (buyer_customer_id_user, campaign_id) values (3, 3);
--insert into buyer_campaign (buyer_customer_id_user, campaign_id) values (4, 4);
--insert into buyer_campaign (buyer_customer_id_user, campaign_id) values (5, 5);
--insert into buyer_campaign (buyer_customer_id_user, campaign_id) values (6, 6);
--insert into buyer_campaign (buyer_customer_id_user, campaign_id) values (7, 7);
--insert into buyer_campaign (buyer_customer_id_user, campaign_id) values (8, 8);
--insert into buyer_campaign (buyer_customer_id_user, campaign_id) values (9, 9);
--insert into buyer_campaign (buyer_customer_id_user, campaign_id) values (10, 10);
--