{"ENTITY_ID":18,"tables":[{"id":"3723abc1-c01a-48b2-b84b-a88831ef8893","position":{"x":-100.99999237060547,"y":268},"data":{"table_name":"Product","fields":[{"fieldName":"id_prod","fieldType":3,"isPK":true,"isNotNull":false,"isUnique":false,"defaultValue":"","args":[1,1],"isAutoIncrement":true},{"fieldName":"version","fieldType":3,"isPK":true,"isNotNull":false,"isUnique":false,"defaultValue":"","args":"","isAutoIncrement":false},{"fieldName":"description","fieldType":11,"isPK":false,"isNotNull":true,"isUnique":false,"defaultValue":"","args":["512"],"isAutoIncrement":false},{"fieldName":"stock","fieldType":3,"isPK":false,"isNotNull":true,"isUnique":false,"defaultValue":"","args":"","isAutoIncrement":false},{"fieldName":"price","fieldType":4,"isPK":false,"isNotNull":true,"isUnique":false,"defaultValue":"","args":["8"],"isAutoIncrement":false},{"fieldName":"name","fieldType":10,"isPK":false,"isNotNull":true,"isUnique":false,"defaultValue":"","args":["512"],"isAutoIncrement":false},{"fieldName":"type","fieldType":10,"isPK":false,"isNotNull":true,"isUnique":false,"defaultValue":"","args":["512"],"isAutoIncrement":false},{"fieldName":"weight","fieldType":2,"isPK":false,"isNotNull":true,"isUnique":false,"defaultValue":"","args":"","isAutoIncrement":false},{"fieldName":"height","fieldType":2,"isPK":false,"isNotNull":true,"isUnique":false,"defaultValue":"","args":"","isAutoIncrement":false},{"fieldName":"colour","fieldType":10,"isPK":false,"isNotNull":true,"isUnique":false,"defaultValue":"","args":["512"],"isAutoIncrement":false}],"next_id":10,"checkName":[],"checkCondition":[]}},{"id":"f0462856-1799-4c2c-af23-6c35583b9f5f","position":{"x":1120,"y":90},"data":{"table_name":"Seller","fields":[],"next_id":3,"checkName":[],"checkCondition":[]}},{"id":"0ea0e308-9b60-4d20-ac6d-f81d78acc891","position":{"x":822,"y":-10},"data":{"table_name":"Buyer","fields":[],"next_id":7,"checkName":[],"checkCondition":[]}},{"id":"918423eb-766b-4899-a89f-4d3f59c310ca","position":{"x":194,"y":-286},"data":{"table_name":"To_Order","fields":[{"fieldName":"id_order","fieldType":3,"isPK":true,"isNotNull":false,"isUnique":false,"defaultValue":"","args":[1,1],"isAutoIncrement":true},{"fieldName":"total","fieldType":3,"isPK":false,"isNotNull":true,"isUnique":false,"defaultValue":"","args":"","isAutoIncrement":false},{"fieldName":"order_date","fieldType":7,"isPK":false,"isNotNull":true,"isUnique":false,"defaultValue":"","args":"","isAutoIncrement":false}],"next_id":11,"checkName":[],"checkCondition":[]}},{"id":"999c6e99-d8b0-474f-ba3c-b33fb88d6695","position":{"x":416,"y":128},"data":{"table_name":"Rating","fields":[{"fieldName":"id_rating","fieldType":3,"isPK":true,"isNotNull":false,"isUnique":false,"defaultValue":"","args":[1,1],"isAutoIncrement":true},{"fieldName":"rating","fieldType":2,"isPK":false,"isNotNull":true,"isUnique":false,"defaultValue":"","args":"","isAutoIncrement":false},{"fieldName":"comment","fieldType":11,"isPK":false,"isNotNull":false,"isUnique":false,"defaultValue":"","args":["512"],"isAutoIncrement":false}],"next_id":4,"checkName":[],"checkCondition":[]}},{"id":"f43f4f2e-e29c-4cd0-ad72-7cbbc8b7583b","position":{"x":1117,"y":-252},"data":{"table_name":"Customer","fields":[{"fieldName":"id_user","fieldType":3,"isPK":true,"isNotNull":false,"isUnique":false,"defaultValue":"","args":[1,1],"isAutoIncrement":true},{"fieldName":"name","fieldType":10,"isPK":false,"isNotNull":true,"isUnique":false,"defaultValue":"","args":["512"],"isAutoIncrement":false},{"fieldName":"NIF","fieldType":3,"isPK":false,"isNotNull":true,"isUnique":false,"defaultValue":"","args":"","isAutoIncrement":false},{"fieldName":"adress","fieldType":10,"isPK":false,"isNotNull":true,"isUnique":false,"defaultValue":"","args":["512"],"isAutoIncrement":false},{"fieldName":"email","fieldType":11,"isPK":false,"isNotNull":true,"isUnique":false,"defaultValue":"","args":["512"],"isAutoIncrement":false},{"fieldName":"password","fieldType":11,"isPK":false,"isNotNull":true,"isUnique":false,"defaultValue":"","args":["512"],"isAutoIncrement":false}],"next_id":6,"checkName":[],"checkCondition":[]}},{"id":"1f2703dc-4e8c-4510-9be8-74a99832501c","position":{"x":1448,"y":6},"data":{"table_name":"Administrator","fields":[],"next_id":1,"checkName":[],"checkCondition":[]}},{"id":"36cd96c9-660d-4c9f-aec4-6b84ad4ffa79","position":{"x":695,"y":-481},"data":{"table_name":"Forum","fields":[{"fieldName":"if_forum","fieldType":3,"isPK":true,"isNotNull":false,"isUnique":false,"defaultValue":"","args":[1,1],"isAutoIncrement":true},{"fieldName":"comment","fieldType":11,"isPK":false,"isNotNull":true,"isUnique":false,"defaultValue":"","args":["512"],"isAutoIncrement":false}],"next_id":3,"checkName":[],"checkCondition":[]}},{"id":"4e22f45f-94ab-46df-b643-56e3c5983c9b","position":{"x":1176,"y":-531},"data":{"table_name":"Notifications","fields":[{"fieldName":"id","fieldType":3,"isPK":true,"isNotNull":false,"isUnique":false,"defaultValue":"","args":[1,1],"isAutoIncrement":true},{"fieldName":"message","fieldType":11,"isPK":false,"isNotNull":true,"isUnique":false,"defaultValue":"","args":["512"],"isAutoIncrement":false},{"fieldName":"time_stamp","fieldType":8,"isPK":false,"isNotNull":true,"isUnique":false,"defaultValue":"","args":"","isAutoIncrement":false}],"next_id":4,"checkName":[],"checkCondition":[]}},{"id":"46e72d12-4937-4fdf-b8b2-368cc2e5a037","position":{"x":189,"y":-68},"data":{"table_name":"Quantity","fields":[{"fieldName":"quantity","fieldType":2,"isPK":false,"isNotNull":true,"isUnique":false,"defaultValue":"","args":"","isAutoIncrement":false}],"next_id":2,"checkName":[],"checkCondition":[]}}],"links":[{"source":"999c6e99-d8b0-474f-ba3c-b33fb88d6695","target":"3723abc1-c01a-48b2-b84b-a88831ef8893","order":"normal","sourceCard":"1:n","targetCard":"1:1","label":"rates","hierType":null,"sourceisweak":false,"targetisweak":false},{"source":"0ea0e308-9b60-4d20-ac6d-f81d78acc891","target":"f43f4f2e-e29c-4cd0-ad72-7cbbc8b7583b","order":"parenting","sourceCard":"0:1","targetCard":"0:1","label":"complete","hierType":"complete","sourceisweak":false,"targetisweak":false},{"source":"f0462856-1799-4c2c-af23-6c35583b9f5f","target":"f43f4f2e-e29c-4cd0-ad72-7cbbc8b7583b","order":"parenting","sourceCard":"0:1","targetCard":"0:1","label":"complete","hierType":"complete","sourceisweak":false,"targetisweak":false},{"source":"1f2703dc-4e8c-4510-9be8-74a99832501c","target":"f43f4f2e-e29c-4cd0-ad72-7cbbc8b7583b","order":"parenting","sourceCard":"0:1","targetCard":"0:1","label":"complete","hierType":"complete","sourceisweak":false,"targetisweak":false},{"source":"3723abc1-c01a-48b2-b84b-a88831ef8893","target":"36cd96c9-660d-4c9f-aec4-6b84ad4ffa79","order":"normal","sourceCard":"1:1","targetCard":"1:n","label":"is a topic","hierType":null,"sourceisweak":false,"targetisweak":false},{"source":"36cd96c9-660d-4c9f-aec4-6b84ad4ffa79","target":"36cd96c9-660d-4c9f-aec4-6b84ad4ffa79","order":"normal","sourceCard":"0:1","targetCard":"1:n","label":"answer","hierType":null,"sourceisweak":false,"targetisweak":false},{"source":"918423eb-766b-4899-a89f-4d3f59c310ca","target":"0ea0e308-9b60-4d20-ac6d-f81d78acc891","order":"normal","sourceCard":"0:n","targetCard":"1:1","label":"ordered","hierType":null,"sourceisweak":false,"targetisweak":false},{"source":"999c6e99-d8b0-474f-ba3c-b33fb88d6695","target":"0ea0e308-9b60-4d20-ac6d-f81d78acc891","order":"normal","sourceCard":"0:1","targetCard":"1:1","label":"assigns","hierType":null,"sourceisweak":false,"targetisweak":false},{"source":"36cd96c9-660d-4c9f-aec4-6b84ad4ffa79","target":"f43f4f2e-e29c-4cd0-ad72-7cbbc8b7583b","order":"normal","sourceCard":"0:n","targetCard":"1:1","label":"comments on","hierType":null,"sourceisweak":false,"targetisweak":false},{"source":"3723abc1-c01a-48b2-b84b-a88831ef8893","target":"f0462856-1799-4c2c-af23-6c35583b9f5f","order":"normal","sourceCard":"1:n","targetCard":"1:1","label":"added/sold by","hierType":null,"sourceisweak":false,"targetisweak":false},{"source":"3723abc1-c01a-48b2-b84b-a88831ef8893","target":"46e72d12-4937-4fdf-b8b2-368cc2e5a037","order":"normal","sourceCard":"1:1","targetCard":"1:n","label":"of","hierType":null,"sourceisweak":false,"targetisweak":true},{"source":"46e72d12-4937-4fdf-b8b2-368cc2e5a037","target":"918423eb-766b-4899-a89f-4d3f59c310ca","order":"normal","sourceCard":"1:n","targetCard":"1:1","label":"of a","hierType":null,"sourceisweak":true,"targetisweak":false},{"source":"4e22f45f-94ab-46df-b643-56e3c5983c9b","target":"f43f4f2e-e29c-4cd0-ad72-7cbbc8b7583b","order":"normal","sourceCard":"0:n","targetCard":"1:1","label":"new relation","hierType":null,"sourceisweak":true,"targetisweak":false}],"normalization":0,"database":0}